termo_pt,docs,total,exemplo_ficheiro,exemplo_linha
segurança,345,2290,000-teory-of-everything/intro.mdx,59
validação,323,1805,000-teory-of-everything/intro.mdx,15
risco,302,2094,000-teory-of-everything/intro.mdx,11
requisito,302,1593,000-teory-of-everything/intro.mdx,11
aplicação,292,1382,000-teory-of-everything/intro.mdx,134
prática,270,938,000-teory-of-everything/intro.mdx,11
pipeline,268,1330,000-teory-of-everything/intro.mdx,15
revisão,267,1431,000-teory-of-everything/intro.mdx,169
formal,262,1031,000-teory-of-everything/intro.mdx,197
integração,257,927,000-teory-of-everything/intro.mdx,85
processo,253,772,000-teory-of-everything/intro.mdx,129
capítulo,252,1058,000-teory-of-everything/intro.mdx,163
técnica,251,748,000-teory-of-everything/intro.mdx,59
auditoria,247,792,000-teory-of-everything/intro.mdx,231
contexto,235,883,000-teory-of-everything/intro.mdx,69
gestão,233,889,002-cross-check-normativo/01-intro.md,20
política,230,1574,002-cross-check-normativo/01-intro.md,137
evidência,230,1501,000-teory-of-everything/intro.mdx,15
referência,228,582,002-cross-check-normativo/01-intro.md,33
técnico,220,573,000-teory-of-everything/intro.mdx,101
base,219,617,000-teory-of-everything/intro.mdx,175
operacional,216,595,000-teory-of-everything/intro.mdx,15
controlo,213,674,002-cross-check-normativo/ai-act/01-intro.md,62
aprovação,212,1046,002-cross-check-normativo/ai-act/01-intro.md,298
teste,210,1066,000-teory-of-everything/intro.mdx,132
registo,209,806,002-cross-check-normativo/ai-act/01-intro.md,33
código,208,802,000-teory-of-everything/intro.mdx,234
ferramenta,208,624,000-teory-of-everything/intro.mdx,59
ciclo,208,557,000-teory-of-everything/intro.mdx,15
decisão,207,1002,000-teory-of-everything/intro.mdx,15
seguro,204,642,000-teory-of-everything/intro.mdx,11
obrigatório,202,1320,002-cross-check-normativo/ai-act/01-intro.md,111
objetivo,200,306,002-cross-check-normativo/01-intro.md,36
aplicável,199,537,002-cross-check-normativo/01-intro.md,62
crítico,197,559,000-teory-of-everything/intro.mdx,155
análise,196,438,002-cross-check-normativo/01-intro.md,4
modelo,195,904,000-teory-of-everything/intro.mdx,11
sistema,195,672,000-teory-of-everything/intro.mdx,63
nível,194,995,000-teory-of-everything/intro.mdx,71
critério,193,907,002-cross-check-normativo/ai-act/01-intro.md,178
mínimo,191,433,000-teory-of-everything/intro.mdx,190
artefacto,189,1102,000-teory-of-everything/intro.mdx,133
equipa,189,461,002-cross-check-normativo/01-intro.md,20
alteração,184,630,002-cross-check-normativo/ai-act/01-intro.md,190
ambiente,184,618,002-cross-check-normativo/enisa-csa/01-intro.md,37
organizacional,184,435,000-teory-of-everything/intro.mdx,69
impacto,181,512,000-teory-of-everything/intro.mdx,114
dependência,180,634,000-teory-of-everything/intro.mdx,171
execução,178,708,000-teory-of-everything/intro.mdx,51
exceção,177,1050,000-teory-of-everything/intro.mdx,163
release,174,653,002-cross-check-normativo/ai-act/01-intro.md,68
segura,171,423,000-teory-of-everything/intro.mdx,91
obrigatória,170,400,000-teory-of-everything/intro.mdx,172
versão,169,563,000-teory-of-everything/intro.mdx,171
documento,169,280,002-cross-check-normativo/01-intro.md,181
incidente,168,645,000-teory-of-everything/intro.mdx,46
repositório,167,397,002-cross-check-normativo/01-intro.md,46
âmbito,165,305,000-teory-of-everything/intro.mdx,172
rastreável,162,321,002-cross-check-normativo/ai-act/01-intro.md,209
classificação,160,667,000-teory-of-everything/intro.mdx,163
auditável,159,320,000-teory-of-everything/intro.mdx,82
acesso,158,600,002-cross-check-normativo/ai-act/01-intro.md,167
produção,158,550,002-cross-check-normativo/ai-act/01-intro.md,213
logs,155,767,002-cross-check-normativo/ai-act/01-intro.md,33
responsabilidade,154,368,000-teory-of-everything/intro.mdx,81
organização,153,344,000-teory-of-everything/intro.mdx,59
proporcional,153,296,000-teory-of-everything/intro.mdx,11
tipo,151,321,002-cross-check-normativo/ai-act/01-intro.md,322
catálogo,150,528,002-cross-check-normativo/ai-act/01-intro.md,135
desenvolvimento,149,432,000-teory-of-everything/intro.mdx,15
contínua,149,353,000-teory-of-everything/intro.mdx,83
ficheiro,149,292,002-cross-check-normativo/cra/02-playbook.md,33
crítica,147,301,002-cross-check-normativo/01-intro.md,60
configuração,146,428,002-cross-check-normativo/cra/01-intro.md,132
vida,146,272,000-teory-of-everything/intro.mdx,15
aplicar,145,283,002-cross-check-normativo/01-intro.md,36
resultado,144,316,000-teory-of-everything/intro.mdx,78
aceitação,143,740,002-cross-check-normativo/ai-act/01-intro.md,632
falha,143,363,000-teory-of-everything/intro.mdx,59
automática,143,319,000-teory-of-everything/intro.mdx,151
ciclo de vida,143,263,000-teory-of-everything/intro.mdx,15
mecanismo,143,260,000-teory-of-everything/intro.mdx,76
definido,143,243,002-cross-check-normativo/ai-act/01-intro.md,496
alerta,141,660,002-cross-check-normativo/ai-act/01-intro.md,297
explícita,140,269,000-teory-of-everything/intro.mdx,15
checklist,138,633,002-cross-check-normativo/ai-act/01-intro.md,316
build,137,554,000-teory-of-everything/intro.mdx,163
criticidade,137,251,002-cross-check-normativo/ai-act/01-intro.md,141
resposta,135,386,000-teory-of-everything/intro.mdx,132
data,135,373,002-cross-check-normativo/01-intro.md,117
validar,135,299,002-cross-check-normativo/ai-act/02-playbook.md,196
fonte,135,278,000-teory-of-everything/intro.mdx,61
justificação,135,253,002-cross-check-normativo/01-intro.md,25
real,133,297,000-teory-of-everything/intro.mdx,114
deploy,132,614,002-cross-check-normativo/cra/01-intro.md,85
regra,132,356,000-teory-of-everything/intro.mdx,85
domínio,132,347,000-teory-of-everything/intro.mdx,63
documentada,132,307,002-cross-check-normativo/ai-act/01-intro.md,546
responsável,131,517,000-teory-of-everything/intro.mdx,231
evento,131,462,002-cross-check-normativo/ai-act/01-intro.md,33
vulnerabilidade,131,385,000-teory-of-everything/intro.mdx,120
projeto,131,346,000-teory-of-everything/intro.mdx,219
software,131,333,000-teory-of-everything/intro.mdx,11
componente,131,309,002-cross-check-normativo/01-intro.md,83
versionado,130,337,002-cross-check-normativo/ai-act/01-intro.md,201
completo,129,227,002-cross-check-normativo/01-intro.md,138
arquitetura,128,547,000-teory-of-everything/intro.mdx,15
monitorização,128,482,002-cross-check-normativo/ai-act/01-intro.md,4
mínima,125,244,002-cross-check-normativo/dora/01-intro.md,254
requisito de segurança,124,295,002-cross-check-normativo/ai-act/01-intro.md,142
modeling,123,449,002-cross-check-normativo/ai-act/01-intro.md,73
nota,123,178,002-cross-check-normativo/01-intro.md,60
definição,122,193,000-teory-of-everything/intro.mdx,175
relatório,121,460,002-cross-check-normativo/01-intro.md,46
métrica,121,390,002-cross-check-normativo/ai-act/01-intro.md,77
externa,121,217,000-teory-of-everything/intro.mdx,220
explícito,120,717,000-teory-of-everything/intro.mdx,154
aprovada,120,288,000-teory-of-everything/intro.mdx,163
integridade,120,262,002-cross-check-normativo/ai-act/01-intro.md,165
sensível,120,236,002-cross-check-normativo/cra/01-intro.md,112
automático,119,354,002-cross-check-normativo/ai-act/01-intro.md,33
operação,118,341,000-teory-of-everything/intro.mdx,63
ausência,117,221,000-teory-of-everything/intro.mdx,59
periódica,116,302,002-cross-check-normativo/ai-act/01-intro.md,103
verificável,116,221,000-teory-of-everything/intro.mdx,11
conteúdo,115,272,002-cross-check-normativo/ai-act/01-intro.md,94
ligação,114,381,000-teory-of-everything/intro.mdx,163
tempo,114,231,000-teory-of-everything/intro.mdx,74
prazo,113,297,002-cross-check-normativo/ai-act/01-intro.md,86
avaliação,113,258,002-cross-check-normativo/ai-act/01-intro.md,52
cruzada,113,134,002-cross-check-normativo/enisa-csa/01-intro.md,112
humana,112,314,000-teory-of-everything/intro.mdx,151
origem,112,248,002-cross-check-normativo/ai-act/03-convergencia-cra.md,70
aplicado,112,225,002-cross-check-normativo/cra/02-playbook.md,17
findings,111,470,002-cross-check-normativo/dora/02-playbook.md,101
owner,111,349,002-cross-check-normativo/ai-act/01-intro.md,296
documentado,111,253,002-cross-check-normativo/ai-act/01-intro.md,201
mitigação,111,223,000-teory-of-everything/intro.mdx,79
deste,111,155,002-cross-check-normativo/01-intro.md,41
externo,110,196,002-cross-check-normativo/cra/01-intro.md,105
security,109,366,000-teory-of-everything/intro.mdx,186
papel,109,262,000-teory-of-everything/intro.mdx,172
interno,109,236,002-cross-check-normativo/cra/01-intro.md,112
fora,109,198,002-cross-check-normativo/ai-act/01-intro.md,52
final,109,156,002-cross-check-normativo/ai-act/03-convergencia-cra.md,106
função,108,205,002-cross-check-normativo/ai-act/01-intro.md,115
padrão,107,284,000-teory-of-everything/intro.mdx,121
template,106,248,002-cross-check-normativo/01-intro.md,132
fluxo,106,209,002-cross-check-normativo/ai-act/01-intro.md,78
interna,106,152,000-teory-of-everything/intro.mdx,220
recomendado,105,465,002-cross-check-normativo/ai-act/01-intro.md,111
segredo,105,387,000-teory-of-everything/intro.mdx,155
bloqueio,105,298,002-cross-check-normativo/cra/01-intro.md,84
automação,104,228,002-cross-check-normativo/cra/01-intro.md,82
commit,103,228,002-cross-check-normativo/exemplo-playbook/01-exemplo-toolchain-options.md,1000
deteção,102,301,002-cross-check-normativo/ai-act/01-intro.md,55
governança,102,223,002-cross-check-normativo/01-intro.md,37
equivalente,102,187,002-cross-check-normativo/dora/01-intro.md,243
assinatura,101,360,002-cross-check-normativo/cra/02-playbook.md,97
infraestrutura,101,240,002-cross-check-normativo/ai-act/01-intro.md,307
exposição,100,236,002-cross-check-normativo/ai-act/01-intro.md,342
mudança,98,257,002-cross-check-normativo/ai-act/01-intro.md,396
plano,98,216,000-teory-of-everything/intro.mdx,240
principal,98,149,000-teory-of-everything/intro.mdx,181
confiança,96,195,002-cross-check-normativo/ai-act/01-intro.md,246
automatizado,96,150,010-sbd-manual/00-fundamentos/macro-processos.md,312
ameaça,95,429,000-teory-of-everything/intro.mdx,46
registada,94,274,002-cross-check-normativo/ai-act/02-playbook.md,203
princípio,94,211,000-teory-of-everything/intro.mdx,11
erro,94,198,002-cross-check-normativo/ai-act/01-intro.md,159
exige,94,193,002-cross-check-normativo/01-intro.md,86
referência cruzada,94,103,002-cross-check-normativo/enisa-csa/01-intro.md,112
logging,93,278,002-cross-check-normativo/ai-act/01-intro.md,4
teste de segurança,93,211,002-cross-check-normativo/ai-act/01-intro.md,344
validado,93,185,002-cross-check-normativo/ai-act/02-playbook.md,203
secção,93,124,002-cross-check-normativo/ai-act/01-intro.md,42
onboarding,92,357,002-cross-check-normativo/ai-act/01-intro.md,103
completa,92,170,000-teory-of-everything/intro.mdx,175
tratado,92,141,002-cross-check-normativo/01-intro.md,57
relação,92,136,000-teory-of-everything/intro.mdx,165
associado,92,132,010-sbd-manual/00-fundamentos/macro-processos.md,214
cadeia,91,211,002-cross-check-normativo/ai-act/01-intro.md,39
formato,91,205,002-cross-check-normativo/ai-act/01-intro.md,173
automatizada,91,129,000-teory-of-everything/intro.mdx,190
explicitamente,91,127,000-teory-of-everything/intro.mdx,190
retenção,90,231,002-cross-check-normativo/ai-act/01-intro.md,235
autenticação,90,166,002-cross-check-normativo/cra/02-playbook.md,202
controlado,90,146,002-cross-check-normativo/cra/02-playbook.md,56
formação,89,598,000-teory-of-everything/intro.mdx,169
terceiro,89,196,000-teory-of-everything/intro.mdx,204
lista,88,195,002-cross-check-normativo/ai-act/01-intro.md,81
obrigação,88,194,000-teory-of-everything/intro.mdx,15
severidade,87,215,002-cross-check-normativo/ai-act/01-intro.md,506
política organizacional,87,157,002-cross-check-normativo/dora/01-intro.md,275
dias,86,305,002-cross-check-normativo/ai-act/01-intro.md,86
documentação,86,168,002-cross-check-normativo/ai-act/01-intro.md,43
histórico,86,144,002-cross-check-normativo/exemplo-playbook/01-exemplo-toolchain-options.md,998
aceite,85,146,002-cross-check-normativo/ai-act/02-playbook.md,263
engineer,84,533,002-cross-check-normativo/ai-act/01-intro.md,436
permissão,84,213,010-sbd-manual/00-fundamentos/roles-responsabilidades/arquitetos-software.md,66
estruturado,84,178,002-cross-check-normativo/ai-act/01-intro.md,231
regulatório,84,171,000-teory-of-everything/intro.mdx,95
reai,84,157,000-teory-of-everything/intro.mdx,73
design,83,200,000-teory-of-everything/intro.mdx,186
recomendação,83,155,000-teory-of-everything/intro.mdx,13
estrutura,83,145,002-cross-check-normativo/01-intro.md,53
desta,83,135,000-teory-of-everything/intro.mdx,76
automaticamente,83,130,002-cross-check-normativo/ai-act/01-intro.md,225
capacidade,83,123,000-teory-of-everything/intro.mdx,72
output,82,235,002-cross-check-normativo/ai-act/01-intro.md,76
supply,82,205,002-cross-check-normativo/ai-act/01-intro.md,343
chain,82,202,002-cross-check-normativo/ai-act/01-intro.md,343
supply chain,82,202,002-cross-check-normativo/ai-act/01-intro.md,343
sessão,82,195,002-cross-check-normativo/ai-act/01-intro.md,306
utilizador,82,190,002-cross-check-normativo/ai-act/01-intro.md,56
gerado,82,178,002-cross-check-normativo/ai-act/01-intro.md,225
ativo,82,172,000-teory-of-everything/intro.mdx,155
executar,82,149,000-teory-of-everything/intro.mdx,171
serviço,82,143,002-cross-check-normativo/ai-act/01-intro.md,39
descrição,82,133,002-cross-check-normativo/01-intro.md,55
containers,81,247,002-cross-check-normativo/01-intro.md,37
aprovado,81,205,002-cross-check-normativo/ai-act/01-intro.md,81
integrado,81,122,002-cross-check-normativo/cra/01-intro.md,153
essencial,81,113,002-cross-check-normativo/ai-act/01-intro.md,30
imagem,80,571,002-cross-check-normativo/cra/01-intro.md,49
critério de aceitação,80,460,002-cross-check-normativo/ai-act/01-intro.md,632
campo,80,158,002-cross-check-normativo/ai-act/01-intro.md,76
integrar,80,112,002-cross-check-normativo/01-intro.md,62
matriz,79,248,002-cross-check-normativo/ai-act/01-intro.md,57
credencial,79,224,002-cross-check-normativo/ai-act/01-intro.md,297
contínuo,79,150,002-cross-check-normativo/ai-act/01-intro.md,127
evitar,79,113,002-cross-check-normativo/ai-act/03-convergencia-cra.md,15
revisão periódica,78,145,002-cross-check-normativo/ai-act/02-playbook.md,196
longo,78,125,000-teory-of-everything/intro.mdx,15
verificar,77,156,002-cross-check-normativo/01-intro.md,181
aprovação formal,77,151,002-cross-check-normativo/ai-act/02-playbook.md,267
regulatória,77,147,000-teory-of-everything/intro.mdx,213
partir,77,104,002-cross-check-normativo/ai-act/01-intro.md,77
recomendada,77,102,002-cross-check-normativo/01-intro.md,177
proporcionalidade,76,395,000-teory-of-everything/intro.mdx,163
atualização,76,222,002-cross-check-normativo/ai-act/01-intro.md,103
plataforma,76,142,002-cross-check-normativo/cra/01-intro.md,83
prático,76,140,002-cross-check-normativo/01-intro.md,21
geração,76,126,002-cross-check-normativo/cra/02-playbook.md,33
identificado,76,118,002-cross-check-normativo/ai-act/01-intro.md,232
normativa,76,99,000-teory-of-everything/intro.mdx,15
inventário,75,213,002-cross-check-normativo/ai-act/01-intro.md,74
opcional,75,186,000-teory-of-everything/intro.mdx,143
review,75,143,002-cross-check-normativo/ai-act/01-intro.md,308
comportamento,75,132,002-cross-check-normativo/exemplo-playbook/01-exemplo-toolchain-options.md,942
nome,75,116,000-teory-of-everything/intro.mdx,172
agent,75,112,002-cross-check-normativo/ai-act/01-intro.md,412
conjunto,75,106,000-teory-of-everything/intro.mdx,63
lead,74,217,002-cross-check-normativo/ai-act/01-intro.md,102
classificação de risco,74,126,002-cross-check-normativo/ai-act/01-intro.md,54
fase,73,442,000-teory-of-everything/intro.mdx,165
adoção,73,103,002-cross-check-normativo/01-intro.md,44
esperado,73,100,000-teory-of-everything/intro.mdx,97
revista,73,91,010-sbd-manual/00-fundamentos/canon/26-metodologia-validacao-claims.md,17
staging,72,195,002-cross-check-normativo/ai-act/01-intro.md,299
backlog,72,180,002-cross-check-normativo/cra/01-intro.md,86
canónico,72,173,000-teory-of-everything/intro.mdx,150
fornecedor,71,350,000-teory-of-everything/intro.mdx,172
eficácia,71,127,002-cross-check-normativo/dora/03-convergencia-nis2.md,76
rever,71,122,010-sbd-manual/00-fundamentos/macro-processos.md,182
aplicada,71,120,002-cross-check-normativo/ai-act/01-intro.md,30
identificar,71,101,002-cross-check-normativo/01-intro.md,19
comum,71,84,002-cross-check-normativo/01-intro.md,53
neste,71,81,000-teory-of-everything/intro.mdx,226
trimestral,70,222,002-cross-check-normativo/ai-act/01-intro.md,299
user,70,202,000-teory-of-everything/intro.mdx,133
adicional,70,100,002-cross-check-normativo/01-intro.md,45
agente,69,467,002-cross-check-normativo/ai-act/01-intro.md,109
anual,69,188,002-cross-check-normativo/ai-act/01-intro.md,103
identidade,69,178,002-cross-check-normativo/ai-act/01-intro.md,258
registado,69,155,000-teory-of-everything/intro.mdx,169
identificada,69,127,002-cross-check-normativo/exemplo-playbook/04-exemplo-relatorio-incidentes.md,168
disponível,69,125,002-cross-check-normativo/ai-act/01-intro.md,85
suporte,69,103,002-cross-check-normativo/01-intro.md,132
parcial,68,351,002-cross-check-normativo/01-intro.md,58
perfil,68,157,000-teory-of-everything/intro.mdx,169
implementação,68,146,002-cross-check-normativo/01-intro.md,47
cobre,68,139,002-cross-check-normativo/ai-act/01-intro.md,4
versionada,68,125,002-cross-check-normativo/ai-act/01-intro.md,403
input,68,122,002-cross-check-normativo/ai-act/01-intro.md,342
identificação,68,102,002-cross-check-normativo/ai-act/01-intro.md,127
eficaz,68,92,000-teory-of-everything/intro.mdx,231
recurso,67,176,002-cross-check-normativo/ai-act/01-intro.md,246
developer,67,174,002-cross-check-normativo/ai-act/01-intro.md,102
clara,67,102,000-teory-of-everything/intro.mdx,85
promoção,66,283,002-cross-check-normativo/ai-act/01-intro.md,304
desvio,66,162,002-cross-check-normativo/ai-act/01-intro.md,632
qualidade,66,116,002-cross-check-normativo/ai-act/01-intro.md,35
model,65,265,000-teory-of-everything/intro.mdx,163
isolamento,65,155,002-cross-check-normativo/ai-act/01-intro.md,297
code,65,141,002-cross-check-normativo/exemplo-playbook/01-exemplo-toolchain-options.md,68
revisto,65,118,002-cross-check-normativo/ai-act/01-intro.md,630
médio,65,105,002-cross-check-normativo/ai-act/02-playbook.md,271
verificado,65,101,000-teory-of-everything/intro.mdx,171
registar,65,95,002-cross-check-normativo/cra/01-intro.md,79
